Designator,Mid X,Mid Y,layer,Rotation
C1,20.5mm,-13.5mm,bottom,180
C2,18mm,-20.5mm,bottom,-90
C3,-15.5mm,-17.5mm,bottom,-90
C4,-21mm,-17.5mm,bottom,-90
C5,-18.226mm,-14.986mm,bottom,0
J1,8.45mm,-19.6mm,bottom,180
Q1,16.5mm,-17.5mm,bottom,180
R1,19.5mm,-20mm,bottom,90
R2,-15.5mm,-15mm,bottom,-90
R3,-14mm,-15mm,bottom,-90
R4,15.5mm,-14.5mm,bottom,-90
R5,16.5mm,-20.5mm,bottom,-90
R6,17mm,-14.5mm,bottom,90
S1,-8.2mm,-19.15mm,bottom,180
U1,-18.3mm,-17.45mm,bottom,-90
U2,20mm,-16.5mm,bottom,180
LED1,-21.59mm,7.62mm,top,90
LED2,-21.59mm,-7.62mm,top,90
