#,Qty,Reference,Value,Description
1,1,BATT1,1578,BATTERY LITH-ION 3.7V 500MAH
2,4,"C1,C2,C3,C5",1uF,CAP CER 1UF 10V X7R 0603
3,1,C4,0.1uF,CAP CER 0.1UF 10V X7R 0603
4,1,J1,USB-C31-S-RA-CS1E-BK-T/R,"USB TYPE C , RECEPTACLE, R/A, HY"
5,2,"LED1,LED2",SMS1105UWDW,"White, Warm LED Indication - Discrete 3.2V 2-SMD, J-Lead"
6,1,Q1,DMP31D1U-7,MOSFET BVDSS: 25V~30V SOT23 T&R
7,1,R1,10k0,RES 10K OHM 1% 1/10W 0603
8,2,"R2,R3",91r0,RES 91 OHM 1% 1/10W 0603
9,3,"R4,R5,R6",1k2,RES SMD 1.2K OHM 1% 1/10W 0603
10,1,S1,CL-SB-12C-12,SWITCH SLIDE SPDT 200MA 12V
11,1,U1,RT9361AGE,LED Driver IC 1 Output DC DC Regulator Switched Capacitor (Charge Pump) PWM Dimming 110mA SOT-23-6
12,1,U2,BQ21040DBVR,IC BATT CHG LI-ION 1CELL SOT23-6
