"Reference","Value","Datasheet","Footprint","Qty","DNP"
"BATT1","battery","","salt_booklamp_footprints:PRT-13851","1",""
"C1,C2","1uF","","salt_booklamp_footprints:cap_0603","2",""
"J1","","","salt_booklamp_footprints:USB-C31-S-RA-CS1E-BK","1",""
"LED1,LED2","","","salt_booklamp_footprints:LED_side_EAPL3811WA0","2",""
"LED3","","","salt_booklamp_footprints:LED_JAZZ-BE-W","1",""
"LED4,LED5,LED6,LED7,LED8,LED9,LED10,LED11,LED12","","","salt_booklamp_footprints:LED_0603_IN-S63AT5UW","9",""
"R1","10k","","salt_booklamp_footprints:res_0603","1",""
"R2,R3","75","","salt_booklamp_footprints:res_0603","2",""
"R4","58r3","","salt_booklamp_footprints:res_0603","1",""
"R5","1.5k","","salt_booklamp_footprints:res_0603","1",""
"R6","1.2k","","salt_booklamp_footprints:res_0603","1",""
"R7,R8,R9,R10,R11,R12,R13,R14,R15","900","","salt_booklamp_footprints:res_0603","9",""
"S1","","","salt_booklamp_footprints:CL-SB-12C-11","1",""
"U2","","","salt_booklamp_footprints:BQ21040DBVR","1",""
