Designator,Mid X,Mid Y,Layer,Rotation
BATT1,-20mm,0mm,bottom,90
C1,0.811116mm,-19.900371mm,bottom,0
C2,-2.560421mm,-18.162047mm,bottom,270
C3,20.802907mm,-14.955853mm,bottom,90
C4,-21mm,-18.5mm,bottom,90
C5,-18.89615mm,-20.5mm,bottom,180
J1,8.45mm,-19.6mm,bottom,180
L1,-15.484732mm,-17.272517mm,bottom,90
P1,16.91mm,-5.05mm,bottom,270
R1,0.5mm,-14.5mm,bottom,180
R2,-21mm,-16mm,bottom,90
R3,-19.569519mm,-15.012873mm,bottom,270
R4,-2.592239mm,-15.642153mm,bottom,270
R5,20.802907mm,-17.5mm,bottom,90
R6,0.825866mm,-21.204383mm,bottom,180
R7,-18.148797mm,-14.981879mm,bottom,270
S1,-8.2mm,-19.15mm,bottom,180
TP_LED_DRV1,-19.75mm,8.75mm,bottom,0
U1,17.5mm,-17.5mm,bottom,180
U2,-0.0108mm,-17.284493mm,bottom,0
U3,-18.865424mm,-18.402508mm,bottom,90
~{TP_CHG}1,-1.75mm,-13.5mm,bottom,0
