"#","Qty","Designator","Value","Manufacturer Part Number","Description"
"1","5","C1,C2,C3,C4,C5","1uF","CL10B105KP8NNNC","CAP CER 1UF 10V X7R 0603"
"2","1","J1","USB-C31-S-RA-CS1E-BK-T/R","USB-C31-S-RA-CS1E-BK-T/R","USB TYPE C , RECEPTACLE, R/A, HY"
"3","1","L1","22uH","VLS3012CX-220M-1","FIXED IND 22UH 780MA 668MOHM SMD"
"4","2","LED1,LED2","SMS1105UWDW","SMS1105UWDW","White, Warm LED Indication - Discrete 3.2V 2-SMD, J-Lead"
"5","4","R1,R3,R4,R5","10k0","RMCF0603FT10K0","RES 10K OHM 1% 1/10W 0603"
"6","1","R2","6r8","RMCF0603FT6R80","RES 6.8 OHM 1% 1/10W 0603"
"7","1","R6","1k2","CR0603-FX-1201ELF","RES SMD 1.2K OHM 1% 1/10W 0603"
"8","1","R7","0r0","RC0603JR-070RL","RES 0 OHM JUMPER 1/10W 0603"
"9","1","S1","CL-SB-12C-12","CL-SB-12C-12","SWITCH SLIDE SPDT 200MA 12V"
"10","1","U1","PIC16F15213-I/SN","PIC16F15213-I/SN","PIC PIC® 16F, Functional Safety (FuSa) Microcontroller IC 8-Bit 32MHz 3.5KB (2K x 14) FLASH 8-SOIC"
"11","1","U2","BQ21040DBVR","BQ21040DBVR","IC BATT CHG LI-ION 1CELL SOT23-6"
"12","1","U3","TPS61158DRVR","TPS61158DRVR","LED Driver IC 1 Output DC DC Regulator Step-Up (Boost) PWM Dimming 30mA 6-WSON (2x2)"
