Designator,MidX,MidY,Rotation,Side
BATT1,-20mm,0mm,90,bottom
C1,0.811116mm,-19.900371mm,0,bottom
C2,-2.560421mm,-18.162047mm,-90,bottom
C3,20.802907mm,-14.955853mm,90,bottom
C4,-21mm,-18.5mm,90,bottom
C5,-18.89615mm,-20.5mm,180,bottom
J1,8.45mm,-19.6mm,180,bottom
L1,-15.484732mm,-17.272517mm,90,bottom
P1,16.91mm,-5.05mm,-90,bottom
R1,0.5mm,-14.5mm,180,bottom
R2,-21mm,-16mm,90,bottom
R3,-19.569519mm,-15.012873mm,-90,bottom
R4,-2.592239mm,-15.642153mm,-90,bottom
R5,20.802907mm,-17.5mm,90,bottom
R6,0.825866mm,-21.204383mm,180,bottom
R7,-18.148797mm,-14.981879mm,-90,bottom
S1,-8.2mm,-19.15mm,180,bottom
TP_LED_DRV1,-19.75mm,8.75mm,0,bottom
U1,17.5mm,-17.5mm,180,bottom
U2,-0.0108mm,-17.284493mm,0,bottom
U3,-18.865424mm,-18.402508mm,90,bottom
~{TP_CHG}1,-1.75mm,-13.5mm,0,bottom
LED1,-21.59mm,7.62mm,-90,top
LED2,-21.59mm,-7.62mm,-90,top
