﻿Index,Manufacturer Part Number,Manufacturer Name,Description,Part Status,Product Notes
1,USB-C31-S-RA-CS1E-BK-T/R,Adam Tech,"USB TYPE C , RECEPTACLE, R/A, HY",Active,"No Backorders Allowed. "
2,1578,Adafruit Industries LLC,BATTERY LITH-ION 3.7V 500MAH,Active,
3,BQ21040DBVR,Texas Instruments,IC BATT CHG LI-ION 1CELL SOT23-6,Active,
4,CL10B105KP8NNNC,Samsung Electro-Mechanics,CAP CER 1UF 10V X7R 0603,Active,
5,RMCF0603FT10K0,Stackpole Electronics Inc,RES 10K OHM 1% 1/10W 0603,Active,
6,WR06X1501FTL,Walsin Technology Corporation,RES 1.5K OHM 1% 1/10W 0603,Active,
7,CL-SB-12C-11,Nidec Components Corporation,SWITCH SLIDE SPDT 200MA 12V,Active,
8,LP5522TM/NOPB,Texas Instruments,IC LED DRIVER LINEAR 20MA 6DSBGA,Active,
9,RC0603FR-0724KL,YAGEO,RES 24K OHM 1% 1/10W 0603,Active,
10,CR0603-FX-1201ELF,Bourns Inc.,RES SMD 1.2K OHM 1% 1/10W 0603,Active,
11,DMP31D1U-7,Diodes Incorporated,MOSFET BVDSS: 25V~30V SOT23 T&R,Active,
